code,category,value,areaName,cx,cy
E06000001,-8,918,Hartlepool,448118,530661
E06000001,0,83133,Hartlepool,448118,530661
E06000001,1,181,Hartlepool,448118,530661
E06000001,2,7834,Hartlepool,448118,530661
E06000001,3,271,Hartlepool,448118,530661
E06000002,-8,1621,Middlesbrough,450380,516653
E06000002,0,126756,Middlesbrough,450380,516653
E06000002,1,755,Middlesbrough,450380,516653
E06000002,2,12548,Middlesbrough,450380,516653
E06000002,3,2244,Middlesbrough,450380,516653
E06000003,-8,1176,Redcar and Cleveland,463383,518023
E06000003,0,125080,Redcar and Cleveland,463383,518023
E06000003,1,148,Redcar and Cleveland,463383,518023
E06000003,2,9796,Redcar and Cleveland,463383,518023
E06000003,3,331,Redcar and Cleveland,463383,518023
E06000004,-8,1916,Stockton-on-Tees,443484,518785
E06000004,0,177449,Stockton-on-Tees,443484,518785
E06000004,1,286,Stockton-on-Tees,443484,518785
E06000004,2,16088,Stockton-on-Tees,443484,518785
E06000004,3,853,Stockton-on-Tees,443484,518785
E06000005,-8,1040,Darlington,429038,517147
E06000005,0,96392,Darlington,429038,517147
E06000005,1,177,Darlington,429038,517147
E06000005,2,9672,Darlington,429038,517147
E06000005,3,518,Darlington,429038,517147
E06000006,-8,1261,Halton,352162,383230
E06000006,0,117889,Halton,352162,383230
E06000006,1,150,Halton,352162,383230
E06000006,2,8678,Halton,352162,383230
E06000006,3,500,Halton,352162,383230
E06000011,-8,2622,East Riding of Yorkshire,499908,442365
E06000011,0,309075,East Riding of Yorkshire,499908,442365
E06000011,1,621,East Riding of Yorkshire,499908,442365
E06000011,2,28723,East Riding of Yorkshire,499908,442365
E06000011,3,1174,East Riding of Yorkshire,499908,442365
E06000012,-8,1534,North East Lincolnshire,523749,406881
E06000012,0,141536,North East Lincolnshire,523749,406881
E06000012,1,186,North East Lincolnshire,523749,406881
E06000012,2,13036,North East Lincolnshire,523749,406881
E06000012,3,674,North East Lincolnshire,523749,406881
E06000014,-8,1688,York,461737,451799
E06000014,0,166270,York,461737,451799
E06000014,1,5847,York,461737,451799
E06000014,2,26453,York,461737,451799
E06000014,3,2563,York,461737,451799
E06000015,-8,2930,Derby,435851,335169
E06000015,0,230959,Derby,435851,335169
E06000015,1,1865,Derby,435851,335169
E06000015,2,23436,Derby,435851,335169
E06000015,3,2173,Derby,435851,335169
E06000017,-8,275,Rutland,491121,307844
E06000017,0,36049,Rutland,491121,307844
E06000017,1,201,Rutland,491121,307844
E06000017,2,4239,Rutland,491121,307844
E06000017,3,284,Rutland,491121,307844
E06000018,-8,3166,Nottingham,455451,340739
E06000018,0,254460,Nottingham,455451,340739
E06000018,1,13344,Nottingham,455451,340739
E06000018,2,46417,Nottingham,455451,340739
E06000018,3,6245,Nottingham,455451,340739
E06000019,-8,1516,Herefordshire,349035,245285
E06000019,0,167356,Herefordshire,349035,245285
E06000019,1,388,Herefordshire,349035,245285
E06000019,2,16646,Herefordshire,349035,245285
E06000019,3,1128,Herefordshire,349035,245285
E06000020,-8,1985,Telford and Wrekin,367109,314837
E06000020,0,164089,Telford and Wrekin,367109,314837
E06000020,1,720,Telford and Wrekin,367109,314837
E06000020,2,17563,Telford and Wrekin,367109,314837
E06000020,3,1184,Telford and Wrekin,367109,314837
E06000021,-8,3036,Stoke-on-Trent,389018,346716
E06000021,0,231158,Stoke-on-Trent,389018,346716
E06000021,1,1273,Stoke-on-Trent,389018,346716
E06000021,2,21130,Stoke-on-Trent,389018,346716
E06000021,3,1772,Stoke-on-Trent,389018,346716
E06000023,-8,5166,Bristol,346546,172919
E06000023,0,384986,Bristol,346546,172919
E06000023,1,10860,Bristol,346546,172919
E06000023,2,64789,Bristol,346546,172919
E06000023,3,6664,Bristol,346546,172919
E06000024,-8,1942,North Somerset,344429,165882
E06000024,0,194056,North Somerset,344429,165882
E06000024,1,508,North Somerset,344429,165882
E06000024,2,19133,North Somerset,344429,165882
E06000024,3,1089,North Somerset,344429,165882
E06000026,-8,2450,Plymouth,249389,56735
E06000026,0,228569,Plymouth,249389,56735
E06000026,1,3233,Plymouth,249389,56735
E06000026,2,28731,Plymouth,249389,56735
E06000026,3,1712,Plymouth,249389,56735
E06000027,-8,1083,Torbay,291417,61223
E06000027,0,125210,Torbay,291417,61223
E06000027,1,271,Torbay,291417,61223
E06000027,2,12087,Torbay,291417,61223
E06000027,3,673,Torbay,291417,61223
E06000031,-8,2700,Peterborough,518343,302621
E06000031,0,190028,Peterborough,518343,302621
E06000031,1,383,Peterborough,518343,302621
E06000031,2,20245,Peterborough,518343,302621
E06000031,3,2316,Peterborough,518343,302621
E06000032,-8,3133,Luton,508515,222915
E06000032,0,199322,Luton,508515,222915
E06000032,1,446,Luton,508515,222915
E06000032,2,18604,Luton,508515,222915
E06000032,3,3756,Luton,508515,222915
E06000035,-8,3274,Medway,578769,172759
E06000035,0,249090,Medway,578769,172759
E06000035,1,739,Medway,578769,172759
E06000035,2,24959,Medway,578769,172759
E06000035,3,1711,Medway,578769,172759
E06000036,-8,1352,Bracknell Forest,487739,168395
E06000036,0,109157,Bracknell Forest,487739,168395
E06000036,1,339,Bracknell Forest,487739,168395
E06000036,2,12693,Bracknell Forest,487739,168395
E06000036,3,1067,Bracknell Forest,487739,168395
E06000037,-8,1509,West Berkshire,448409,172535
E06000037,0,144162,West Berkshire,448409,172535
E06000037,1,518,West Berkshire,448409,172535
E06000037,2,14175,West Berkshire,448409,172535
E06000037,3,1084,West Berkshire,448409,172535
E06000038,-8,1980,Reading,470639,173186
E06000038,0,143154,Reading,470639,173186
E06000038,1,2913,Reading,470639,173186
E06000038,2,22263,Reading,470639,173186
E06000038,3,3914,Reading,470639,173186
E06000039,-8,2166,Slough,498180,179746
E06000039,0,141153,Slough,498180,179746
E06000039,1,308,Slough,498180,179746
E06000039,2,12691,Slough,498180,179746
E06000039,3,2182,Slough,498180,179746
E06000040,-8,1462,Windsor and Maidenhead,490435,177040
E06000040,0,135155,Windsor and Maidenhead,490435,177040
E06000040,1,597,Windsor and Maidenhead,490435,177040
E06000040,2,14382,Windsor and Maidenhead,490435,177040
E06000040,3,1903,Windsor and Maidenhead,490435,177040
E06000041,-8,1722,Wokingham,477672,170613
E06000041,0,155971,Wokingham,477672,170613
E06000041,1,872,Wokingham,477672,170613
E06000041,2,17081,Wokingham,477672,170613
E06000041,3,1858,Wokingham,477672,170613
E06000042,-8,3256,Milton Keynes,486881,243629
E06000042,0,251495,Milton Keynes,486881,243629
E06000042,1,704,Milton Keynes,486881,243629
E06000042,2,28441,Milton Keynes,486881,243629
E06000042,3,3164,Milton Keynes,486881,243629
E06000043,-8,2199,Brighton and Hove,531606,106526
E06000043,0,222496,Brighton and Hove,531606,106526
E06000043,1,5784,Brighton and Hove,531606,106526
E06000043,2,42456,Brighton and Hove,531606,106526
E06000043,3,4166,Brighton and Hove,531606,106526
E06000044,-8,2234,Portsmouth,465010,102752
E06000044,0,172537,Portsmouth,465010,102752
E06000044,1,3639,Portsmouth,465010,102752
E06000044,2,26792,Portsmouth,465010,102752
E06000044,3,2802,Portsmouth,465010,102752
E06000045,-8,2712,Southampton,442376,113232
E06000045,0,205697,Southampton,442376,113232
E06000045,1,4628,Southampton,442376,113232
E06000045,2,30917,Southampton,442376,113232
E06000045,3,4965,Southampton,442376,113232
E06000047,-8,4623,County Durham,410446,533389
E06000047,0,462522,County Durham,410446,533389
E06000047,1,5712,County Durham,410446,533389
E06000047,2,46551,County Durham,410446,533389
E06000047,3,2657,County Durham,410446,533389
E06000050,-8,3280,Cheshire West and Chester,350919,367257
E06000050,0,319027,Cheshire West and Chester,350919,367257
E06000050,1,1940,Cheshire West and Chester,350919,367257
E06000050,2,30596,Cheshire West and Chester,350919,367257
E06000050,3,2307,Cheshire West and Chester,350919,367257
E06000051,-8,2656,Shropshire,350424,304422
E06000051,0,288903,Shropshire,350424,304422
E06000051,1,757,Shropshire,350424,304422
E06000051,2,29506,Shropshire,350424,304422
E06000051,3,1784,Shropshire,350424,304422
E06000053,-8,18,Isles of Scilly,91546,11139
E06000053,0,1844,Isles of Scilly,91546,11139
E06000053,1,3,Isles of Scilly,91546,11139
E06000053,2,175,Isles of Scilly,91546,11139
E06000053,3,13,Isles of Scilly,91546,11139
E06000054,-8,4557,Wiltshire,403934,155301
E06000054,0,451885,Wiltshire,403934,155301
E06000054,1,1357,Wiltshire,403934,155301
E06000054,2,49204,Wiltshire,403934,155301
E06000054,3,3330,Wiltshire,403934,155301
E06000055,-8,2163,Bedford,504237,255656
E06000055,0,163567,Bedford,504237,255656
E06000055,1,472,Bedford,504237,255656
E06000055,2,17351,Bedford,504237,255656
E06000055,3,1672,Bedford,504237,255656
E06000056,-8,3309,Central Bedfordshire,507413,235392
E06000056,0,262318,Central Bedfordshire,507413,235392
E06000056,1,638,Central Bedfordshire,507413,235392
E06000056,2,26095,Central Bedfordshire,507413,235392
E06000056,3,1892,Central Bedfordshire,507413,235392
E06000057,-8,2575,Northumberland,395886,594161
E06000057,0,291002,Northumberland,395886,594161
E06000057,1,468,Northumberland,395886,594161
E06000057,2,25539,Northumberland,395886,594161
E06000057,3,983,Northumberland,395886,594161
E06000058,-8,3678,Bournemouth Christchurch and Poole,408362,94131
E06000058,0,341555,Bournemouth Christchurch and Poole,408362,94131
E06000058,1,3334,Bournemouth Christchurch and Poole,408362,94131
E06000058,2,47821,Bournemouth Christchurch and Poole,408362,94131
E06000058,3,3808,Bournemouth Christchurch and Poole,408362,94131
E06000059,-8,2664,Dorset,376581,100771
E06000059,0,339034,Dorset,376581,100771
E06000059,1,830,Dorset,376581,100771
E06000059,2,35223,Dorset,376581,100771
E06000059,3,1828,Dorset,376581,100771
E06000060,-8,5648,Buckinghamshire,482081,210241
E06000060,0,491751,Buckinghamshire,482081,210241
E06000060,1,1771,Buckinghamshire,482081,210241
E06000060,2,50074,Buckinghamshire,482081,210241
E06000060,3,3836,Buckinghamshire,482081,210241
E06000061,-8,3714,North Northamptonshire,493494,281667
E06000061,0,321142,North Northamptonshire,493494,281667
E06000061,1,631,North Northamptonshire,493494,281667
E06000061,2,31508,North Northamptonshire,493494,281667
E06000061,3,2529,North Northamptonshire,493494,281667
E06000062,-8,4458,West Northamptonshire,465908,258722
E06000062,0,374988,West Northamptonshire,465908,258722
E06000062,1,1657,West Northamptonshire,465908,258722
E06000062,2,40392,West Northamptonshire,465908,258722
E06000062,3,4227,West Northamptonshire,465908,258722
E07000008,-8,1224,Cambridge,545770,257755
E07000008,0,110415,Cambridge,545770,257755
E07000008,1,4807,Cambridge,545770,257755
E07000008,2,23033,Cambridge,545770,257755
E07000008,3,6195,Cambridge,545770,257755
E07000009,-8,794,East Cambridgeshire,556466,274112
E07000009,0,78690,East Cambridgeshire,556466,274112
E07000009,1,194,East Cambridgeshire,556466,274112
E07000009,2,7455,East Cambridgeshire,556466,274112
E07000009,3,629,East Cambridgeshire,556466,274112
E07000010,-8,970,Fenland,539807,298084
E07000010,0,92077,Fenland,539807,298084
E07000010,1,120,Fenland,539807,298084
E07000010,2,8857,Fenland,539807,298084
E07000010,3,438,Fenland,539807,298084
E07000012,-8,1590,South Cambridgeshire,542444,254795
E07000012,0,144233,South Cambridgeshire,542444,254795
E07000012,1,520,South Cambridgeshire,542444,254795
E07000012,2,14382,South Cambridgeshire,542444,254795
E07000012,3,1392,South Cambridgeshire,542444,254795
E07000026,-8,841,Allerdale,319765,535836
E07000026,0,88032,Allerdale,319765,535836
E07000026,1,124,Allerdale,319765,535836
E07000026,2,6891,Allerdale,319765,535836
E07000026,3,264,Allerdale,319765,535836
E07000027,-8,634,Barrow-in-Furness,320831,470657
E07000027,0,61220,Barrow-in-Furness,320831,470657
E07000027,1,74,Barrow-in-Furness,320831,470657
E07000027,2,5144,Barrow-in-Furness,320831,470657
E07000027,3,337,Barrow-in-Furness,320831,470657
E07000028,-8,994,Carlisle,348339,564335
E07000028,0,97954,Carlisle,348339,564335
E07000028,1,343,Carlisle,348339,564335
E07000028,2,10139,Carlisle,348339,564335
E07000028,3,593,Carlisle,348339,564335
E07000029,-8,599,Copeland,310947,502927
E07000029,0,61154,Copeland,310947,502927
E07000029,1,97,Copeland,310947,502927
E07000029,2,5000,Copeland,310947,502927
E07000029,3,226,Copeland,310947,502927
E07000030,-8,403,Eden,359952,524354
E07000030,0,49710,Eden,359952,524354
E07000030,1,99,Eden,359952,524354
E07000030,2,4297,Eden,359952,524354
E07000030,3,226,Eden,359952,524354
E07000031,-8,704,South Lakeland,344716,488871
E07000031,0,94110,South Lakeland,344716,488871
E07000031,1,261,South Lakeland,344716,488871
E07000031,2,8704,South Lakeland,344716,488871
E07000031,3,668,South Lakeland,344716,488871
E07000032,-8,1097,Amber Valley,435845,348157
E07000032,0,115187,Amber Valley,435845,348157
E07000032,1,200,Amber Valley,435845,348157
E07000032,2,9395,Amber Valley,435845,348157
E07000032,3,330,Amber Valley,435845,348157
E07000033,-8,816,Bolsover,448358,368917
E07000033,0,72636,Bolsover,448358,368917
E07000033,1,84,Bolsover,448358,368917
E07000033,2,6459,Bolsover,448358,368917
E07000033,3,279,Bolsover,448358,368917
E07000034,-8,951,Chesterfield,440052,373318
E07000034,0,94291,Chesterfield,440052,373318
E07000034,1,153,Chesterfield,440052,373318
E07000034,2,7857,Chesterfield,440052,373318
E07000034,3,317,Chesterfield,440052,373318
E07000035,-8,478,Derbyshire Dales,420549,359062
E07000035,0,64594,Derbyshire Dales,420549,359062
E07000035,1,154,Derbyshire Dales,420549,359062
E07000035,2,6005,Derbyshire Dales,420549,359062
E07000035,3,309,Derbyshire Dales,420549,359062
E07000036,-8,983,Erewash,443979,337734
E07000036,0,103179,Erewash,443979,337734
E07000036,1,153,Erewash,443979,337734
E07000036,2,8304,Erewash,443979,337734
E07000036,3,286,Erewash,443979,337734
E07000037,-8,783,High Peak,408491,386271
E07000037,0,82590,High Peak,408491,386271
E07000037,1,212,High Peak,408491,386271
E07000037,2,7061,High Peak,408491,386271
E07000037,3,287,High Peak,408491,386271
E07000038,-8,910,North East Derbyshire,436969,370027
E07000038,0,93191,North East Derbyshire,436969,370027
E07000038,1,128,North East Derbyshire,436969,370027
E07000038,2,7539,North East Derbyshire,436969,370027
E07000038,3,233,North East Derbyshire,436969,370027
E07000041,-8,1163,Exeter,293498,92447
E07000041,0,101262,Exeter,293498,92447
E07000041,1,5648,Exeter,293498,92447
E07000041,2,20068,Exeter,293498,92447
E07000041,3,2568,Exeter,293498,92447
E07000042,-8,752,Mid Devon,290588,109637
E07000042,0,73913,Mid Devon,290588,109637
E07000042,1,168,Mid Devon,290588,109637
E07000042,2,7668,Mid Devon,290588,109637
E07000042,3,350,Mid Devon,290588,109637
E07000043,-8,789,North Devon,265967,131782
E07000043,0,87346,North Devon,265967,131782
E07000043,1,191,North Devon,265967,131782
E07000043,2,9740,North Devon,265967,131782
E07000043,3,545,North Devon,265967,131782
E07000045,-8,1042,Teignbridge,282849,79821
E07000045,0,120897,Teignbridge,282849,79821
E07000045,1,241,Teignbridge,282849,79821
E07000045,2,12136,Teignbridge,282849,79821
E07000045,3,487,Teignbridge,282849,79821
E07000046,-8,517,Torridge,241935,112003
E07000046,0,60863,Torridge,241935,112003
E07000046,1,113,Torridge,241935,112003
E07000046,2,6320,Torridge,241935,112003
E07000046,3,301,Torridge,241935,112003
E07000047,-8,417,West Devon,255465,86000
E07000047,0,51150,West Devon,255465,86000
E07000047,1,145,West Devon,255465,86000
E07000047,2,5097,West Devon,255465,86000
E07000047,3,287,West Devon,255465,86000
E07000061,-8,888,Eastbourne,559822,99749
E07000061,0,89697,Eastbourne,559822,99749
E07000061,1,360,Eastbourne,559822,99749
E07000061,2,9947,Eastbourne,559822,99749
E07000061,3,794,Eastbourne,559822,99749
E07000062,-8,900,Hastings,580952,110924
E07000062,0,81213,Hastings,580952,110924
E07000062,1,123,Hastings,580952,110924
E07000062,2,8196,Hastings,580952,110924
E07000062,3,563,Hastings,580952,110924
E07000063,-8,798,Lewes,541167,111026
E07000063,0,89710,Lewes,541167,111026
E07000063,1,175,Lewes,541167,111026
E07000063,2,8756,Lewes,541167,111026
E07000063,3,465,Lewes,541167,111026
E07000067,-8,1445,Braintree,578133,230213
E07000067,0,139393,Braintree,578133,230213
E07000067,1,268,Braintree,578133,230213
E07000067,2,13709,Braintree,578133,230213
E07000067,3,453,Braintree,578133,230213
E07000068,-8,801,Brentwood,559999,195829
E07000068,0,68905,Brentwood,559999,195829
E07000068,1,174,Brentwood,559999,195829
E07000068,2,6685,Brentwood,559999,195829
E07000068,3,485,Brentwood,559999,195829
E07000069,-8,801,Castle Point,579982,185122
E07000069,0,82097,Castle Point,579982,185122
E07000069,1,101,Castle Point,579982,185122
E07000069,2,6405,Castle Point,579982,185122
E07000069,3,183,Castle Point,579982,185122
E07000070,-8,1805,Chelmsford,571456,205876
E07000070,0,161260,Chelmsford,571456,205876
E07000070,1,557,Chelmsford,571456,205876
E07000070,2,16544,Chelmsford,571456,205876
E07000070,3,1357,Chelmsford,571456,205876
E07000071,-8,2006,Colchester,597077,223202
E07000071,0,165751,Colchester,597077,223202
E07000071,1,1986,Colchester,597077,223202
E07000071,2,21010,Colchester,597077,223202
E07000071,3,1962,Colchester,597077,223202
E07000072,-8,1511,Epping Forest,548522,203300
E07000072,0,121777,Epping Forest,548522,203300
E07000072,1,251,Epping Forest,548522,203300
E07000072,2,10795,Epping Forest,548522,203300
E07000072,3,647,Epping Forest,548522,203300
E07000074,-8,559,Maldon,592438,204831
E07000074,0,59564,Maldon,592438,204831
E07000074,1,95,Maldon,592438,204831
E07000074,2,5780,Maldon,592438,204831
E07000074,3,209,Maldon,592438,204831
E07000076,-8,1259,Tendring,614571,223776
E07000076,0,133062,Tendring,614571,223776
E07000076,1,169,Tendring,614571,223776
E07000076,2,13469,Tendring,614571,223776
E07000076,3,333,Tendring,614571,223776
E07000079,-8,744,Cotswold,407474,213072
E07000079,0,79614,Cotswold,407474,213072
E07000079,1,384,Cotswold,407474,213072
E07000079,2,9406,Cotswold,407474,213072
E07000079,3,681,Cotswold,407474,213072
E07000080,-8,724,Forest of Dean,366318,214546
E07000080,0,78416,Forest of Dean,366318,214546
E07000080,1,204,Forest of Dean,366318,214546
E07000080,2,7314,Forest of Dean,366318,214546
E07000080,3,346,Forest of Dean,366318,214546
E07000082,-8,995,Stroud,379361,203473
E07000082,0,109126,Stroud,379361,203473
E07000082,1,288,Stroud,379361,203473
E07000082,2,10207,Stroud,379361,203473
E07000082,3,488,Stroud,379361,203473
E07000084,-8,1989,Basingstoke and Deane,455819,153006
E07000084,0,163495,Basingstoke and Deane,455819,153006
E07000084,1,443,Basingstoke and Deane,455819,153006
E07000084,2,17616,Basingstoke and Deane,455819,153006
E07000084,3,1611,Basingstoke and Deane,455819,153006
E07000085,-8,1085,East Hampshire,473316,131076
E07000085,0,112021,East Hampshire,473316,131076
E07000085,1,323,East Hampshire,473316,131076
E07000085,2,11597,East Hampshire,473316,131076
E07000085,3,718,East Hampshire,473316,131076
E07000086,-8,1382,Eastleigh,447331,115065
E07000086,0,121898,Eastleigh,447331,115065
E07000086,1,251,Eastleigh,447331,115065
E07000086,2,12303,Eastleigh,447331,115065
E07000086,3,607,Eastleigh,447331,115065
E07000087,-8,898,Fareham,454571,106165
E07000087,0,103551,Fareham,454571,106165
E07000087,1,221,Fareham,454571,106165
E07000087,2,9347,Fareham,454571,106165
E07000087,3,496,Fareham,454571,106165
E07000088,-8,823,Gosport,459361,100995
E07000088,0,73403,Gosport,459361,100995
E07000088,1,93,Gosport,459361,100995
E07000088,2,7295,Gosport,459361,100995
E07000088,3,339,Gosport,459361,100995
E07000089,-8,929,Hart,476958,154529
E07000089,0,88143,Hart,476958,154529
E07000089,1,238,Hart,476958,154529
E07000089,2,9421,Hart,476958,154529
E07000089,3,678,Hart,476958,154529
E07000091,-8,1293,New Forest,426464,106633
E07000091,0,158810,New Forest,426464,106633
E07000091,1,287,New Forest,426464,106633
E07000091,2,14658,New Forest,426464,106633
E07000091,3,736,New Forest,426464,106633
E07000092,-8,1265,Rushmoor,486069,153516
E07000092,0,87478,Rushmoor,486069,153516
E07000092,1,218,Rushmoor,486069,153516
E07000092,2,9872,Rushmoor,486069,153516
E07000092,3,923,Rushmoor,486069,153516
E07000093,-8,1215,Test Valley,434314,136669
E07000093,0,115949,Test Valley,434314,136669
E07000093,1,306,Test Valley,434314,136669
E07000093,2,12284,Test Valley,434314,136669
E07000093,3,737,Test Valley,434314,136669
E07000094,-8,1085,Winchester,454712,125708
E07000094,0,107218,Winchester,454712,125708
E07000094,1,1634,Winchester,454712,125708
E07000094,2,16181,Winchester,454712,125708
E07000094,3,1326,Winchester,454712,125708
E07000095,-8,1116,Broxbourne,534904,204646
E07000095,0,89918,Broxbourne,534904,204646
E07000095,1,181,Broxbourne,534904,204646
E07000095,2,7401,Broxbourne,534904,204646
E07000095,3,390,Broxbourne,534904,204646
E07000096,-8,1786,Dacorum,500758,209858
E07000096,0,138732,Dacorum,500758,209858
E07000096,1,388,Dacorum,500758,209858
E07000096,2,13200,Dacorum,500758,209858
E07000096,3,975,Dacorum,500758,209858
E07000098,-8,1192,Hertsmere,518976,199022
E07000098,0,96587,Hertsmere,518976,199022
E07000098,1,399,Hertsmere,518976,199022
E07000098,2,8866,Hertsmere,518976,199022
E07000098,3,783,Hertsmere,518976,199022
E07000099,-8,1411,North Hertfordshire,524291,230523
E07000099,0,119595,North Hertfordshire,524291,230523
E07000099,1,357,North Hertfordshire,524291,230523
E07000099,2,11243,North Hertfordshire,524291,230523
E07000099,3,603,North Hertfordshire,524291,230523
E07000102,-8,977,Three Rivers,506561,196949
E07000102,0,84831,Three Rivers,506561,196949
E07000102,1,300,Three Rivers,506561,196949
E07000102,2,7032,Three Rivers,506561,196949
E07000102,3,631,Three Rivers,506561,196949
E07000106,-8,1237,Canterbury,616375,158359
E07000106,0,128984,Canterbury,616375,158359
E07000106,1,4209,Canterbury,616375,158359
E07000106,2,20843,Canterbury,616375,158359
E07000106,3,2156,Canterbury,616375,158359
E07000107,-8,1599,Dartford,556785,172676
E07000107,0,104492,Dartford,556785,172676
E07000107,1,185,Dartford,556785,172676
E07000107,2,9699,Dartford,556785,172676
E07000107,3,778,Dartford,556785,172676
E07000108,-8,1060,Dover,629815,151044
E07000108,0,104385,Dover,629815,151044
E07000108,1,201,Dover,629815,151044
E07000108,2,10213,Dover,629815,151044
E07000108,3,551,Dover,629815,151044
E07000109,-8,1269,Gravesham,566746,170115
E07000109,0,97035,Gravesham,566746,170115
E07000109,1,166,Gravesham,566746,170115
E07000109,2,7896,Gravesham,566746,170115
E07000109,3,534,Gravesham,566746,170115
E07000110,-8,1930,Maidstone,580248,151563
E07000110,0,154597,Maidstone,580248,151563
E07000110,1,354,Maidstone,580248,151563
E07000110,2,17716,Maidstone,580248,151563
E07000110,3,1188,Maidstone,580248,151563
E07000111,-8,1243,Sevenoaks,551567,155211
E07000111,0,108586,Sevenoaks,551567,155211
E07000111,1,317,Sevenoaks,551567,155211
E07000111,2,9604,Sevenoaks,551567,155211
E07000111,3,764,Sevenoaks,551567,155211
E07000113,-8,1587,Swale,595988,164044
E07000113,0,136340,Swale,595988,164044
E07000113,1,171,Swale,595988,164044
E07000113,2,13101,Swale,595988,164044
E07000113,3,478,Swale,595988,164044
E07000114,-8,1399,Thanet,632674,166985
E07000114,0,125590,Thanet,632674,166985
E07000114,1,195,Thanet,632674,166985
E07000114,2,12693,Thanet,632674,166985
E07000114,3,710,Thanet,632674,166985
E07000115,-8,1354,Tonbridge and Malling,564511,155282
E07000115,0,119508,Tonbridge and Malling,564511,155282
E07000115,1,264,Tonbridge and Malling,564511,155282
E07000115,2,10490,Tonbridge and Malling,564511,155282
E07000115,3,585,Tonbridge and Malling,564511,155282
E07000116,-8,1131,Tunbridge Wells,570254,137789
E07000116,0,100877,Tunbridge Wells,570254,137789
E07000116,1,347,Tunbridge Wells,570254,137789
E07000116,2,11976,Tunbridge Wells,570254,137789
E07000116,3,980,Tunbridge Wells,570254,137789
E07000117,-8,1050,Burnley,385506,431414
E07000117,0,85154,Burnley,385506,431414
E07000117,1,111,Burnley,385506,431414
E07000117,2,7438,Burnley,385506,431414
E07000117,3,891,Burnley,385506,431414
E07000118,-8,1108,Chorley,357265,418497
E07000118,0,106963,Chorley,357265,418497
E07000118,1,181,Chorley,357265,418497
E07000118,2,9121,Chorley,357265,418497
E07000118,3,360,Chorley,357265,418497
E07000121,-8,1235,Lancaster,353328,463919
E07000121,0,120294,Lancaster,353328,463919
E07000121,1,3417,Lancaster,353328,463919
E07000121,2,16105,Lancaster,353328,463919
E07000121,3,1882,Lancaster,353328,463919
E07000122,-8,1105,Pendle,387886,441045
E07000122,0,86759,Pendle,387886,441045
E07000122,1,130,Pendle,387886,441045
E07000122,2,6781,Pendle,387886,441045
E07000122,3,982,Pendle,387886,441045
E07000123,-8,1756,Preston,354185,435253
E07000123,0,126872,Preston,354185,435253
E07000123,1,1573,Preston,354185,435253
E07000123,2,15246,Preston,354185,435253
E07000123,3,2388,Preston,354185,435253
E07000125,-8,688,Rossendale,382473,421988
E07000125,0,64697,Rossendale,382473,421988
E07000125,1,103,Rossendale,382473,421988
E07000125,2,5202,Rossendale,382473,421988
E07000125,3,181,Rossendale,382473,421988
E07000126,-8,1025,South Ribble,353203,425975
E07000126,0,101308,South Ribble,353203,425975
E07000126,1,182,South Ribble,353203,425975
E07000126,2,8232,South Ribble,353203,425975
E07000126,3,288,South Ribble,353203,425975
E07000127,-8,929,West Lancashire,341717,412911
E07000127,0,102626,West Lancashire,341717,412911
E07000127,1,1459,West Lancashire,341717,412911
E07000127,2,11861,West Lancashire,341717,412911
E07000127,3,556,West Lancashire,341717,412911
E07000128,-8,932,Wyre,344008,445536
E07000128,0,100183,Wyre,344008,445536
E07000128,1,189,Wyre,344008,445536
E07000128,2,10231,Wyre,344008,445536
E07000128,3,411,Wyre,344008,445536
E07000129,-8,1031,Blaby,452852,297375
E07000129,0,93855,Blaby,452852,297375
E07000129,1,162,Blaby,452852,297375
E07000129,2,7554,Blaby,452852,297375
E07000129,3,324,Blaby,452852,297375
E07000130,-8,1664,Charnwood,457739,315833
E07000130,0,155352,Charnwood,457739,315833
E07000130,1,3472,Charnwood,457739,315833
E07000130,2,21576,Charnwood,457739,315833
E07000130,3,1907,Charnwood,457739,315833
E07000131,-8,871,Harborough,467383,293977
E07000131,0,86565,Harborough,467383,293977
E07000131,1,241,Harborough,467383,293977
E07000131,2,9460,Harborough,467383,293977
E07000131,3,491,Harborough,467383,293977
E07000132,-8,1023,Hinckley and Bosworth,441354,302271
E07000132,0,103369,Hinckley and Bosworth,441354,302271
E07000132,1,220,Hinckley and Bosworth,441354,302271
E07000132,2,8733,Hinckley and Bosworth,441354,302271
E07000132,3,297,Hinckley and Bosworth,441354,302271
E07000133,-8,435,Melton,477226,322729
E07000133,0,46603,Melton,477226,322729
E07000133,1,89,Melton,477226,322729
E07000133,2,4417,Melton,477226,322729
E07000133,3,208,Melton,477226,322729
E07000134,-8,1052,North West Leicestershire,440239,317453
E07000134,0,93680,North West Leicestershire,440239,317453
E07000134,1,436,North West Leicestershire,440239,317453
E07000134,2,9180,North West Leicestershire,440239,317453
E07000134,3,357,North West Leicestershire,440239,317453
E07000135,-8,493,Oadby and Wigston,461524,299185
E07000135,0,51280,Oadby and Wigston,461524,299185
E07000135,1,189,Oadby and Wigston,461524,299185
E07000135,2,5313,Oadby and Wigston,461524,299185
E07000135,3,472,Oadby and Wigston,461524,299185
E07000137,-8,1047,East Lindsey,535540,374440
E07000137,0,127824,East Lindsey,535540,374440
E07000137,1,200,East Lindsey,535540,374440
E07000137,2,12708,East Lindsey,535540,374440
E07000137,3,515,East Lindsey,535540,374440
E07000138,-8,1035,Lincoln,496573,370718
E07000138,0,82373,Lincoln,496573,370718
E07000138,1,3697,Lincoln,496573,370718
E07000138,2,15426,Lincoln,496573,370718
E07000138,3,1282,Lincoln,496573,370718
E07000139,-8,984,North Kesteven,504210,354897
E07000139,0,105242,North Kesteven,504210,354897
E07000139,1,280,North Kesteven,504210,354897
E07000139,2,11029,North Kesteven,504210,354897
E07000139,3,539,North Kesteven,504210,354897
E07000140,-8,897,South Holland,532780,324067
E07000140,0,84679,South Holland,532780,324067
E07000140,1,131,South Holland,532780,324067
E07000140,2,8934,South Holland,532780,324067
E07000140,3,481,South Holland,532780,324067
E07000141,-8,1264,South Kesteven,499893,329594
E07000141,0,128896,South Kesteven,499893,329594
E07000141,1,338,South Kesteven,499893,329594
E07000141,2,12273,South Kesteven,499893,329594
E07000141,3,633,South Kesteven,499893,329594
E07000143,-8,1224,Breckland,592273,302678
E07000143,0,126541,Breckland,592273,302678
E07000143,1,188,Breckland,592273,302678
E07000143,2,12684,Breckland,592273,302678
E07000143,3,839,Breckland,592273,302678
E07000144,-8,1015,Broadland,623735,316663
E07000144,0,119805,Broadland,623735,316663
E07000144,1,175,Broadland,623735,316663
E07000144,2,10342,Broadland,623735,316663
E07000144,3,384,Broadland,623735,316663
E07000145,-8,922,Great Yarmouth,647815,311075
E07000145,0,89483,Great Yarmouth,647815,311075
E07000145,1,99,Great Yarmouth,647815,311075
E07000145,2,8625,Great Yarmouth,647815,311075
E07000145,3,619,Great Yarmouth,647815,311075
E07000146,-8,1364,Kings Lynn and West Norfolk,566910,317216
E07000146,0,138317,Kings Lynn and West Norfolk,566910,317216
E07000146,1,203,Kings Lynn and West Norfolk,566910,317216
E07000146,2,13309,Kings Lynn and West Norfolk,566910,317216
E07000146,3,1132,Kings Lynn and West Norfolk,566910,317216
E07000148,-8,1341,Norwich,622020,308886
E07000148,0,115730,Norwich,622020,308886
E07000148,1,3621,Norwich,622020,308886
E07000148,2,21162,Norwich,622020,308886
E07000148,3,2069,Norwich,622020,308886
E07000149,-8,1259,South Norfolk,622377,295780
E07000149,0,127198,South Norfolk,622377,295780
E07000149,1,315,South Norfolk,622377,295780
E07000149,2,12529,South Norfolk,622377,295780
E07000149,3,646,South Norfolk,622377,295780
E07000163,-8,389,Craven,388715,464893
E07000163,0,51083,Craven,388715,464893
E07000163,1,126,Craven,388715,464893
E07000163,2,5036,Craven,388715,464893
E07000163,3,293,Craven,388715,464893
E07000164,-8,655,Hambleton,444420,488149
E07000164,0,80885,Hambleton,444420,488149
E07000164,1,213,Hambleton,444420,488149
E07000164,2,8520,Hambleton,444420,488149
E07000164,3,417,Hambleton,444420,488149
E07000165,-8,1296,Harrogate,426573,463534
E07000165,0,142407,Harrogate,426573,463534
E07000165,1,410,Harrogate,426573,463534
E07000165,2,17350,Harrogate,426573,463534
E07000165,3,1204,Harrogate,426573,463534
E07000166,-8,433,Richmondshire,404370,496225
E07000166,0,42979,Richmondshire,404370,496225
E07000166,1,142,Richmondshire,404370,496225
E07000166,2,5564,Richmondshire,404370,496225
E07000166,3,658,Richmondshire,404370,496225
E07000167,-8,416,Ryedale,475009,480011
E07000167,0,48979,Ryedale,475009,480011
E07000167,1,156,Ryedale,475009,480011
E07000167,2,4884,Ryedale,475009,480011
E07000167,3,271,Ryedale,475009,480011
E07000169,-8,943,Selby,457071,432688
E07000169,0,82737,Selby,457071,432688
E07000169,1,138,Selby,457071,432688
E07000169,2,7883,Selby,457071,432688
E07000169,3,287,Selby,457071,432688
E07000170,-8,1240,Ashfield,449768,355201
E07000170,0,115556,Ashfield,449768,355201
E07000170,1,143,Ashfield,449768,355201
E07000170,2,9027,Ashfield,449768,355201
E07000170,3,333,Ashfield,449768,355201
E07000171,-8,1116,Bassetlaw,469431,382275
E07000171,0,106232,Bassetlaw,469431,382275
E07000171,1,164,Bassetlaw,469431,382275
E07000171,2,9937,Bassetlaw,469431,382275
E07000171,3,355,Bassetlaw,469431,382275
E07000172,-8,957,Broxtowe,449657,342283
E07000172,0,98718,Broxtowe,449657,342283
E07000172,1,921,Broxtowe,449657,342283
E07000172,2,9462,Broxtowe,449657,342283
E07000172,3,882,Broxtowe,449657,342283
E07000173,-8,1137,Gedling,459166,348277
E07000173,0,106723,Gedling,459166,348277
E07000173,1,267,Gedling,459166,348277
E07000173,2,8769,Gedling,459166,348277
E07000173,3,365,Gedling,459166,348277
E07000175,-8,1201,Newark and Sherwood,472378,359080
E07000175,0,109646,Newark and Sherwood,472378,359080
E07000175,1,234,Newark and Sherwood,472378,359080
E07000175,2,11390,Newark and Sherwood,472378,359080
E07000175,3,484,Newark and Sherwood,472378,359080
E07000176,-8,1040,Rushcliffe,464834,334124
E07000176,0,104980,Rushcliffe,464834,334124
E07000176,1,1083,Rushcliffe,464834,334124
E07000176,2,11257,Rushcliffe,464834,334124
E07000176,3,718,Rushcliffe,464834,334124
E07000177,-8,1775,Cherwell,449860,229130
E07000177,0,140866,Cherwell,449860,229130
E07000177,1,397,Cherwell,449860,229130
E07000177,2,16450,Cherwell,449860,229130
E07000177,3,1529,Cherwell,449860,229130
E07000178,-8,1382,Oxford,452441,206500
E07000178,0,119351,Oxford,452441,206500
E07000178,1,6696,Oxford,452441,206500
E07000178,2,28019,Oxford,452441,206500
E07000178,3,6590,Oxford,452441,206500
E07000179,-8,1478,South Oxfordshire,464397,193175
E07000179,0,130899,South Oxfordshire,464397,193175
E07000179,1,541,South Oxfordshire,464397,193175
E07000179,2,15088,South Oxfordshire,464397,193175
E07000179,3,1079,South Oxfordshire,464397,193175
E07000180,-8,1397,Vale of White Horse,438787,192976
E07000180,0,120360,Vale of White Horse,438787,192976
E07000180,1,586,Vale of White Horse,438787,192976
E07000180,2,15180,Vale of White Horse,438787,192976
E07000180,3,1391,Vale of White Horse,438787,192976
E07000181,-8,1077,West Oxfordshire,434067,215553
E07000181,0,99582,West Oxfordshire,434067,215553
E07000181,1,320,West Oxfordshire,434067,215553
E07000181,2,12359,West Oxfordshire,434067,215553
E07000181,3,899,West Oxfordshire,434067,215553
E07000187,-8,994,Mendip,362056,144991
E07000187,0,103717,Mendip,362056,144991
E07000187,1,367,Mendip,362056,144991
E07000187,2,10249,Mendip,362056,144991
E07000187,3,762,Mendip,362056,144991
E07000188,-8,1087,Sedgemoor,333465,143276
E07000188,0,112143,Sedgemoor,333465,143276
E07000188,1,195,Sedgemoor,333465,143276
E07000188,2,11340,Sedgemoor,333465,143276
E07000188,3,578,Sedgemoor,333465,143276
E07000189,-8,1575,South Somerset,350246,121192
E07000189,0,153590,South Somerset,350246,121192
E07000189,1,366,South Somerset,350246,121192
E07000189,2,16172,South Somerset,350246,121192
E07000189,3,966,South Somerset,350246,121192
E07000192,-8,1095,Cannock Chase,401418,312745
E07000192,0,91531,Cannock Chase,401418,312745
E07000192,1,119,Cannock Chase,401418,312745
E07000192,2,7569,Cannock Chase,401418,312745
E07000192,3,205,Cannock Chase,401418,312745
E07000193,-8,1339,East Staffordshire,412763,329519
E07000193,0,111408,East Staffordshire,412763,329519
E07000193,1,191,East Staffordshire,412763,329519
E07000193,2,10337,East Staffordshire,412763,329519
E07000193,3,742,East Staffordshire,412763,329519
E07000194,-8,963,Lichfield,413297,310036
E07000194,0,96068,Lichfield,413297,310036
E07000194,1,200,Lichfield,413297,310036
E07000194,2,8883,Lichfield,413297,310036
E07000194,3,323,Lichfield,413297,310036
E07000195,-8,1116,Newcastle-under-Lyme,378749,344081
E07000195,0,109233,Newcastle-under-Lyme,378749,344081
E07000195,1,1214,Newcastle-under-Lyme,378749,344081
E07000195,2,11174,Newcastle-under-Lyme,378749,344081
E07000195,3,562,Newcastle-under-Lyme,378749,344081
E07000196,-8,931,South Staffordshire,388140,303026
E07000196,0,100713,South Staffordshire,388140,303026
E07000196,1,157,South Staffordshire,388140,303026
E07000196,2,8482,South Staffordshire,388140,303026
E07000196,3,189,South Staffordshire,388140,303026
E07000197,-8,1225,Stafford,388230,327866
E07000197,0,122506,Stafford,388230,327866
E07000197,1,254,Stafford,388230,327866
E07000197,2,12317,Stafford,388230,327866
E07000197,3,565,Stafford,388230,327866
E07000199,-8,855,Tamworth,421984,303220
E07000199,0,70962,Tamworth,421984,303220
E07000199,1,82,Tamworth,421984,303220
E07000199,2,6503,Tamworth,421984,303220
E07000199,3,245,Tamworth,421984,303220
E07000200,-8,713,Babergh,599986,243163
E07000200,0,82819,Babergh,599986,243163
E07000200,1,185,Babergh,599986,243163
E07000200,2,8308,Babergh,599986,243163
E07000200,3,316,Babergh,599986,243163
E07000203,-8,866,Mid Suffolk,611211,265459
E07000203,0,91729,Mid Suffolk,611211,265459
E07000203,1,208,Mid Suffolk,611211,265459
E07000203,2,9348,Mid Suffolk,611211,265459
E07000203,3,548,Mid Suffolk,611211,265459
E07000207,-8,1525,Elmbridge,512060,163238
E07000207,0,121875,Elmbridge,512060,163238
E07000207,1,436,Elmbridge,512060,163238
E07000207,2,13211,Elmbridge,512060,163238
E07000207,3,1705,Elmbridge,512060,163238
E07000208,-8,867,Epsom and Ewell,521188,161461
E07000208,0,72489,Epsom and Ewell,521188,161461
E07000208,1,291,Epsom and Ewell,521188,161461
E07000208,2,6517,Epsom and Ewell,521188,161461
E07000208,3,774,Epsom and Ewell,521188,161461
E07000209,-8,1243,Guildford,500446,150851
E07000209,0,116855,Guildford,500446,150851
E07000209,1,2914,Guildford,500446,150851
E07000209,2,19855,Guildford,500446,150851
E07000209,3,2783,Guildford,500446,150851
E07000210,-8,730,Mole Valley,517049,147214
E07000210,0,78505,Mole Valley,517049,147214
E07000210,1,290,Mole Valley,517049,147214
E07000210,2,7304,Mole Valley,517049,147214
E07000210,3,558,Mole Valley,517049,147214
E07000211,-8,1681,Reigate and Banstead,526286,152009
E07000211,0,133758,Reigate and Banstead,526286,152009
E07000211,1,421,Reigate and Banstead,526286,152009
E07000211,2,13764,Reigate and Banstead,526286,152009
E07000211,3,1222,Reigate and Banstead,526286,152009
E07000212,-8,885,Runnymede,501617,167042
E07000212,0,73125,Runnymede,501617,167042
E07000212,1,2042,Runnymede,501617,167042
E07000212,2,10740,Runnymede,501617,167042
E07000212,3,1287,Runnymede,501617,167042
E07000213,-8,1143,Spelthorne,506652,170605
E07000213,0,91931,Spelthorne,506652,170605
E07000213,1,196,Spelthorne,506652,170605
E07000213,2,8888,Spelthorne,506652,170605
E07000213,3,798,Spelthorne,506652,170605
E07000215,-8,914,Tandridge,536712,149345
E07000215,0,79205,Tandridge,536712,149345
E07000215,1,259,Tandridge,536712,149345
E07000215,2,6993,Tandridge,536712,149345
E07000215,3,503,Tandridge,536712,149345
E07000216,-8,1101,Waverley,495682,139877
E07000216,0,112092,Waverley,495682,139877
E07000216,1,720,Waverley,495682,139877
E07000216,2,13182,Waverley,495682,139877
E07000216,3,1134,Waverley,495682,139877
E07000217,-8,1178,Woking,500423,158249
E07000217,0,91294,Woking,500423,158249
E07000217,1,311,Woking,500423,158249
E07000217,2,9777,Woking,500423,158249
E07000217,3,1383,Woking,500423,158249
E07000218,-8,599,North Warwickshire,425346,294421
E07000218,0,59145,North Warwickshire,425346,294421
E07000218,1,81,North Warwickshire,425346,294421
E07000218,2,5049,North Warwickshire,425346,294421
E07000218,3,161,North Warwickshire,425346,294421
E07000219,-8,1474,Nuneaton and Bedworth,435701,289373
E07000219,0,121508,Nuneaton and Bedworth,435701,289373
E07000219,1,197,Nuneaton and Bedworth,435701,289373
E07000219,2,10411,Nuneaton and Bedworth,435701,289373
E07000219,3,606,Nuneaton and Bedworth,435701,289373
E07000220,-8,1188,Rugby,445826,276476
E07000220,0,100482,Rugby,445826,276476
E07000220,1,312,Rugby,445826,276476
E07000220,2,11471,Rugby,445826,276476
E07000220,3,910,Rugby,445826,276476
E07000221,-8,1198,Stratford-on-Avon,425910,253437
E07000221,0,118631,Stratford-on-Avon,425910,253437
E07000221,1,317,Stratford-on-Avon,425910,253437
E07000221,2,13889,Stratford-on-Avon,425910,253437
E07000221,3,691,Stratford-on-Avon,425910,253437
E07000222,-8,1372,Warwick,428512,268090
E07000222,0,124703,Warwick,428512,268090
E07000222,1,2946,Warwick,428512,268090
E07000222,2,17299,Warwick,428512,268090
E07000222,3,2133,Warwick,428512,268090
E07000223,-8,539,Adur,519857,106296
E07000223,0,58791,Adur,519857,106296
E07000223,1,93,Adur,519857,106296
E07000223,2,4888,Adur,519857,106296
E07000223,3,233,Adur,519857,106296
E07000224,-8,1347,Arun,500922,105536
E07000224,0,147241,Arun,500922,105536
E07000224,1,352,Arun,500922,105536
E07000224,2,15148,Arun,500922,105536
E07000224,3,801,Arun,500922,105536
E07000225,-8,932,Chichester,488437,116059
E07000225,0,107642,Chichester,488437,116059
E07000225,1,805,Chichester,488437,116059
E07000225,2,13826,Chichester,488437,116059
E07000225,3,863,Chichester,488437,116059
E07000226,-8,1500,Crawley,527313,137822
E07000226,0,104672,Crawley,527313,137822
E07000226,1,202,Crawley,527313,137822
E07000226,2,11044,Crawley,527313,137822
E07000226,3,1075,Crawley,527313,137822
E07000227,-8,1322,Horsham,514696,122819
E07000227,0,130226,Horsham,514696,122819
E07000227,1,386,Horsham,514696,122819
E07000227,2,13823,Horsham,514696,122819
E07000227,3,1021,Horsham,514696,122819
E07000228,-8,1508,Mid Sussex,531427,126224
E07000228,0,135506,Mid Sussex,531427,126224
E07000228,1,401,Mid Sussex,531427,126224
E07000228,2,14043,Mid Sussex,531427,126224
E07000228,3,1110,Mid Sussex,531427,126224
E07000229,-8,1025,Worthing,513043,104470
E07000229,0,99053,Worthing,513043,104470
E07000229,1,217,Worthing,513043,104470
E07000229,2,10433,Worthing,513043,104470
E07000229,3,610,Worthing,513043,104470
E07000234,-8,888,Bromsgrove,398961,273791
E07000234,0,90084,Bromsgrove,398961,273791
E07000234,1,233,Bromsgrove,398961,273791
E07000234,2,7642,Bromsgrove,398961,273791
E07000234,3,335,Bromsgrove,398961,273791
E07000235,-8,549,Malvern Hills,376452,253907
E07000235,0,71392,Malvern Hills,376452,253907
E07000235,1,244,Malvern Hills,376452,253907
E07000235,2,6898,Malvern Hills,376452,253907
E07000235,3,403,Malvern Hills,376452,253907
E07000236,-8,956,Redditch,403427,264902
E07000236,0,79035,Redditch,403427,264902
E07000236,1,120,Redditch,403427,264902
E07000236,2,6543,Redditch,403427,264902
E07000236,3,384,Redditch,403427,264902
E07000237,-8,986,Worcester,385680,255359
E07000237,0,90364,Worcester,385680,255359
E07000237,1,920,Worcester,385680,255359
E07000237,2,10657,Worcester,385680,255359
E07000237,3,945,Worcester,385680,255359
E07000238,-8,1159,Wychavon,396608,251844
E07000238,0,119801,Wychavon,396608,251844
E07000238,1,265,Wychavon,396608,251844
E07000238,2,10720,Wychavon,396608,251844
E07000238,3,548,Wychavon,396608,251844
E07000239,-8,883,Wyre Forest,381336,275771
E07000239,0,92606,Wyre Forest,381336,275771
E07000239,1,161,Wyre Forest,381336,275771
E07000239,2,7765,Wyre Forest,381336,275771
E07000239,3,192,Wyre Forest,381336,275771
E07000240,-8,1493,St Albans,514441,209482
E07000240,0,131177,St Albans,514441,209482
E07000240,1,528,St Albans,514441,209482
E07000240,2,13535,St Albans,514441,209482
E07000240,3,1434,St Albans,514441,209482
E07000241,-8,1237,Welwyn Hatfield,524698,209206
E07000241,0,101621,Welwyn Hatfield,524698,209206
E07000241,1,1753,Welwyn Hatfield,524698,209206
E07000241,2,12904,Welwyn Hatfield,524698,209206
E07000241,3,2321,Welwyn Hatfield,524698,209206
E07000242,-8,1560,East Hertfordshire,537205,220364
E07000242,0,133114,East Hertfordshire,537205,220364
E07000242,1,467,East Hertfordshire,537205,220364
E07000242,2,14050,East Hertfordshire,537205,220364
E07000242,3,967,East Hertfordshire,537205,220364
E07000243,-8,1056,Stevenage,524559,224521
E07000243,0,80556,Stevenage,524559,224521
E07000243,1,203,Stevenage,524559,224521
E07000243,2,6901,Stevenage,524559,224521
E07000243,3,777,Stevenage,524559,224521
E07000244,-8,1872,East Suffolk,636456,265500
E07000244,0,222085,East Suffolk,636456,265500
E07000244,1,449,East Suffolk,636456,265500
E07000244,2,20825,East Suffolk,636456,265500
E07000244,3,826,East Suffolk,636456,265500
E07000245,-8,1846,West Suffolk,578957,267629
E07000245,0,156811,West Suffolk,578957,267629
E07000245,1,293,West Suffolk,578957,267629
E07000245,2,16888,West Suffolk,578957,267629
E07000245,3,4110,West Suffolk,578957,267629
E07000246,-8,1402,Somerset West and Taunton,304672,132836
E07000246,0,140164,Somerset West and Taunton,304672,132836
E07000246,1,374,Somerset West and Taunton,304672,132836
E07000246,2,14197,Somerset West and Taunton,304672,132836
E07000246,3,1309,Somerset West and Taunton,304672,132836
E08000002,-8,2125,Bury,379434,410155
E08000002,0,177523,Bury,379434,410155
E08000002,1,298,Bury,379434,410155
E08000002,2,12908,Bury,379434,410155
E08000002,3,997,Bury,379434,410155
E08000003,-8,6581,Manchester,384645,394923
E08000003,0,447364,Manchester,384645,394923
E08000003,1,12519,Manchester,384645,394923
E08000003,2,72814,Manchester,384645,394923
E08000003,3,12659,Manchester,384645,394923
E08000004,-8,2980,Oldham,396668,406152
E08000004,0,222759,Oldham,396668,406152
E08000004,1,277,Oldham,396668,406152
E08000004,2,14576,Oldham,396668,406152
E08000004,3,1496,Oldham,396668,406152
E08000005,-8,2788,Rochdale,389646,413331
E08000005,0,204136,Rochdale,389646,413331
E08000005,1,263,Rochdale,389646,413331
E08000005,2,15131,Rochdale,389646,413331
E08000005,3,1455,Rochdale,389646,413331
E08000006,-8,3543,Salford,375503,399266
E08000006,0,227662,Salford,375503,399266
E08000006,1,2561,Salford,375503,399266
E08000006,2,32266,Salford,375503,399266
E08000006,3,3890,Salford,375503,399266
E08000007,-8,3183,Stockport,391577,388561
E08000007,0,267289,Stockport,391577,388561
E08000007,1,535,Stockport,391577,388561
E08000007,2,22314,Stockport,391577,388561
E08000007,3,1452,Stockport,391577,388561
E08000008,-8,2527,Tameside,395938,397900
E08000008,0,212108,Tameside,395938,397900
E08000008,1,232,Tameside,395938,397900
E08000008,2,15205,Tameside,395938,397900
E08000008,3,999,Tameside,395938,397900
E08000009,-8,2383,Trafford,376532,391465
E08000009,0,212379,Trafford,376532,391465
E08000009,1,633,Trafford,376532,391465
E08000009,2,17528,Trafford,376532,391465
E08000009,3,2129,Trafford,376532,391465
E08000010,-8,3356,Wigan,361033,403243
E08000010,0,300468,Wigan,361033,403243
E08000010,1,360,Wigan,361033,403243
E08000010,2,23839,Wigan,361033,403243
E08000010,3,1307,Wigan,361033,403243
E08000011,-8,1793,Knowsley,344694,392430
E08000011,0,141962,Knowsley,344694,392430
E08000011,1,119,Knowsley,344694,392430
E08000011,2,10037,Knowsley,344694,392430
E08000011,3,608,Knowsley,344694,392430
E08000012,-8,5014,Liverpool,339133,389144
E08000012,0,407929,Liverpool,339133,389144
E08000012,1,10464,Liverpool,339133,389144
E08000012,2,55467,Liverpool,339133,389144
E08000012,3,7214,Liverpool,339133,389144
E08000013,-8,1826,St. Helens,352124,396102
E08000013,0,167624,St. Helens,352124,396102
E08000013,1,231,St. Helens,352124,396102
E08000013,2,12945,St. Helens,352124,396102
E08000013,3,622,St. Helens,352124,396102
E08000014,-8,2452,Sefton,332846,408176
E08000014,0,255274,Sefton,332846,408176
E08000014,1,411,Sefton,332846,408176
E08000014,2,19702,Sefton,332846,408176
E08000014,3,1394,Sefton,332846,408176
E08000015,-8,2978,Wirral,327405,386273
E08000015,0,292547,Wirral,327405,386273
E08000015,1,570,Wirral,327405,386273
E08000015,2,22925,Wirral,327405,386273
E08000015,3,1179,Wirral,327405,386273
E08000016,-8,2511,Barnsley,431083,404470
E08000016,0,223187,Barnsley,431083,404470
E08000016,1,253,Barnsley,431083,404470
E08000016,2,17815,Barnsley,431083,404470
E08000016,3,806,Barnsley,431083,404470
E08000017,-8,3283,Doncaster,460041,405684
E08000017,0,278593,Doncaster,460041,405684
E08000017,1,367,Doncaster,460041,405684
E08000017,2,24405,Doncaster,460041,405684
E08000017,3,1456,Doncaster,460041,405684
E08000018,-8,2756,Rotherham,447556,390471
E08000018,0,243523,Rotherham,447556,390471
E08000018,1,270,Rotherham,447556,390471
E08000018,2,18458,Rotherham,447556,390471
E08000018,3,800,Rotherham,447556,390471
E08000021,-8,2973,Newcastle upon Tyne,421988,568195
E08000021,0,240278,Newcastle upon Tyne,421988,568195
E08000021,1,9539,Newcastle upon Tyne,421988,568195
E08000021,2,42598,Newcastle upon Tyne,421988,568195
E08000021,3,4737,Newcastle upon Tyne,421988,568195
E08000022,-8,1978,North Tyneside,430940,570503
E08000022,0,190192,North Tyneside,430940,570503
E08000022,1,288,North Tyneside,430940,570503
E08000022,2,15707,North Tyneside,430940,570503
E08000022,3,802,North Tyneside,430940,570503
E08000023,-8,1454,South Tyneside,435717,563346
E08000023,0,135692,South Tyneside,435717,563346
E08000023,1,142,South Tyneside,435717,563346
E08000023,2,9952,South Tyneside,435717,563346
E08000023,3,536,South Tyneside,435717,563346
E08000024,-8,2617,Sunderland,435242,554109
E08000024,0,249207,Sunderland,435242,554109
E08000024,1,585,Sunderland,435242,554109
E08000024,2,19957,Sunderland,435242,554109
E08000024,3,1806,Sunderland,435242,554109
E08000025,-8,14272,Birmingham,408620,287849
E08000025,0,1007977,Birmingham,408620,287849
E08000025,1,11559,Birmingham,408620,287849
E08000025,2,97469,Birmingham,408620,287849
E08000025,3,13642,Birmingham,408620,287849
E08000026,-8,3926,Coventry,432736,280037
E08000026,0,292035,Coventry,432736,280037
E08000026,1,4739,Coventry,432736,280037
E08000026,2,37500,Coventry,432736,280037
E08000026,3,7123,Coventry,432736,280037
E08000027,-8,3463,Dudley,392753,287253
E08000027,0,297540,Dudley,392753,287253
E08000027,1,420,Dudley,392753,287253
E08000027,2,21006,Dudley,392753,287253
E08000027,3,1057,Dudley,392753,287253
E08000028,-8,4244,Sandwell,399516,290879
E08000028,0,312638,Sandwell,399516,290879
E08000028,1,343,Sandwell,399516,290879
E08000028,2,21985,Sandwell,399516,290879
E08000028,3,2622,Sandwell,399516,290879
E08000029,-8,2074,Solihull,418611,279457
E08000029,0,196307,Solihull,418611,279457
E08000029,1,455,Solihull,418611,279457
E08000029,2,16248,Solihull,418611,279457
E08000029,3,1156,Solihull,418611,279457
E08000030,-8,3338,Walsall,402370,300150
E08000030,0,260529,Walsall,402370,300150
E08000030,1,322,Walsall,402370,300150
E08000030,2,18539,Walsall,402370,300150
E08000030,3,1400,Walsall,402370,300150
E08000031,-8,3090,Wolverhampton,391927,299026
E08000031,0,237068,Wolverhampton,391927,299026
E08000031,1,593,Wolverhampton,391927,299026
E08000031,2,20179,Wolverhampton,391927,299026
E08000031,3,2797,Wolverhampton,391927,299026
E08000032,-8,6622,Bradford,409656,438737
E08000032,0,495209,Bradford,409656,438737
E08000032,1,973,Bradford,409656,438737
E08000032,2,39799,Bradford,409656,438737
E08000032,3,3809,Bradford,409656,438737
E08000033,-8,2106,Calderdale,401827,424977
E08000033,0,187491,Calderdale,401827,424977
E08000033,1,320,Calderdale,401827,424977
E08000033,2,15936,Calderdale,401827,424977
E08000033,3,778,Calderdale,401827,424977
E08000034,-8,4759,Kirklees,415745,414567
E08000034,0,391644,Kirklees,415745,414567
E08000034,1,1552,Kirklees,415745,414567
E08000034,2,32473,Kirklees,415745,414567
E08000034,3,2787,Kirklees,415745,414567
E08000035,-8,8816,Leeds,432624,436701
E08000035,0,689265,Leeds,432624,436701
E08000035,1,12684,Leeds,432624,436701
E08000035,2,91596,Leeds,432624,436701
E08000035,3,9592,Leeds,432624,436701
E08000036,-8,3856,Wakefield,438985,418409
E08000036,0,322086,Wakefield,438985,418409
E08000036,1,445,Wakefield,438985,418409
E08000036,2,25627,Wakefield,438985,418409
E08000036,3,1356,Wakefield,438985,418409
E08000037,-8,1883,Gateshead,420364,560133
E08000037,0,177265,Gateshead,420364,560133
E08000037,1,425,Gateshead,420364,560133
E08000037,2,15672,Gateshead,420364,560133
E08000037,3,906,Gateshead,420364,560133
E09000001,-8,44,City of London,532539,181164
E09000001,0,6237,City of London,532539,181164
E09000001,1,190,City of London,532539,181164
E09000001,2,1564,City of London,532539,181164
E09000001,3,548,City of London,532539,181164
E09000002,-8,3156,Barking and Dagenham,548056,184924
E09000002,0,197250,Barking and Dagenham,548056,184924
E09000002,1,296,Barking and Dagenham,548056,184924
E09000002,2,15985,Barking and Dagenham,548056,184924
E09000002,3,2182,Barking and Dagenham,548056,184924
E09000003,-8,4611,Barnet,524095,192314
E09000003,0,340971,Barnet,524095,192314
E09000003,1,1433,Barnet,524095,192314
E09000003,2,36413,Barnet,524095,192314
E09000003,3,5916,Barnet,524095,192314
E09000004,-8,2815,Bexley,548955,175730
E09000004,0,223929,Bexley,548955,175730
E09000004,1,638,Bexley,548955,175730
E09000004,2,17709,Bexley,548955,175730
E09000004,3,1381,Bexley,548955,175730
E09000005,-8,3974,Brent,520189,185924
E09000005,0,292263,Brent,520189,185924
E09000005,1,1158,Brent,520189,185924
E09000005,2,36744,Brent,520189,185924
E09000005,3,5676,Brent,520189,185924
E09000006,-8,3657,Bromley,542864,165667
E09000006,0,296805,Bromley,542864,165667
E09000006,1,815,Bromley,542864,165667
E09000006,2,26456,Bromley,542864,165667
E09000006,3,2258,Bromley,542864,165667
E09000007,-8,2036,Camden,527931,184580
E09000007,0,166134,Camden,527931,184580
E09000007,1,3580,Camden,527931,184580
E09000007,2,30190,Camden,527931,184580
E09000007,3,8196,Camden,527931,184580
E09000008,-8,5085,Croydon,533300,163557
E09000008,0,348079,Croydon,533300,163557
E09000008,1,977,Croydon,533300,163557
E09000008,2,33085,Croydon,533300,163557
E09000008,3,3493,Croydon,533300,163557
E09000009,-8,4146,Ealing,515931,181701
E09000009,0,318949,Ealing,515931,181701
E09000009,1,1318,Ealing,515931,181701
E09000009,2,36599,Ealing,515931,181701
E09000009,3,6103,Ealing,515931,181701
E09000010,-8,3721,Enfield,532411,196432
E09000010,0,297540,Enfield,532411,196432
E09000010,1,673,Enfield,532411,196432
E09000010,2,25041,Enfield,532411,196432
E09000010,3,3009,Enfield,532411,196432
E09000011,-8,3772,Greenwich,542847,177046
E09000011,0,251011,Greenwich,542847,177046
E09000011,1,985,Greenwich,542847,177046
E09000011,2,29314,Greenwich,542847,177046
E09000011,3,3986,Greenwich,542847,177046
E09000013,-8,1883,Hammersmith and Fulham,523529,178905
E09000013,0,144727,Hammersmith and Fulham,523529,178905
E09000013,1,2233,Hammersmith and Fulham,523529,178905
E09000013,2,29333,Hammersmith and Fulham,523529,178905
E09000013,3,4981,Hammersmith and Fulham,523529,178905
E09000014,-8,3031,Haringey,531225,189614
E09000014,0,225526,Haringey,531225,189614
E09000014,1,877,Haringey,531225,189614
E09000014,2,30884,Haringey,531225,189614
E09000014,3,3920,Haringey,531225,189614
E09000015,-8,3034,Harrow,514912,190121
E09000015,0,231463,Harrow,514912,190121
E09000015,1,822,Harrow,514912,190121
E09000015,2,22218,Harrow,514912,190121
E09000015,3,3666,Harrow,514912,190121
E09000016,-8,3096,Havering,554032,187245
E09000016,0,236791,Havering,554032,187245
E09000016,1,414,Havering,554032,187245
E09000016,2,20281,Havering,554032,187245
E09000016,3,1469,Havering,554032,187245
E09000017,-8,3811,Hillingdon,507905,183585
E09000017,0,268925,Hillingdon,507905,183585
E09000017,1,1777,Hillingdon,507905,183585
E09000017,2,27072,Hillingdon,507905,183585
E09000017,3,4324,Hillingdon,507905,183585
E09000018,-8,3532,Hounslow,513589,175668
E09000018,0,251493,Hounslow,513589,175668
E09000018,1,696,Hounslow,513589,175668
E09000018,2,27232,Hounslow,513589,175668
E09000018,3,5231,Hounslow,513589,175668
E09000019,-8,2456,Islington,531145,185005
E09000019,0,171898,Islington,531145,185005
E09000019,1,2244,Islington,531145,185005
E09000019,2,34129,Islington,531145,185005
E09000019,3,5860,Islington,531145,185005
E09000020,-8,1270,Kensington and Chelsea,525606,179504
E09000020,0,116001,Kensington and Chelsea,525606,179504
E09000020,1,1704,Kensington and Chelsea,525606,179504
E09000020,2,18751,Kensington and Chelsea,525606,179504
E09000020,3,5649,Kensington and Chelsea,525606,179504
E09000021,-8,1802,Kingston upon Thames,519327,166705
E09000021,0,145077,Kingston upon Thames,519327,166705
E09000021,1,1492,Kingston upon Thames,519327,166705
E09000021,2,16861,Kingston upon Thames,519327,166705
E09000021,3,2831,Kingston upon Thames,519327,166705
E09000022,-8,3147,Lambeth,530807,174499
E09000022,0,257601,Lambeth,530807,174499
E09000022,1,2284,Lambeth,530807,174499
E09000022,2,48866,Lambeth,530807,174499
E09000022,3,5753,Lambeth,530807,174499
E09000023,-8,3842,Lewisham,537676,174051
E09000023,0,261095,Lewisham,537676,174051
E09000023,1,1313,Lewisham,537676,174051
E09000023,2,30875,Lewisham,537676,174051
E09000023,3,3428,Lewisham,537676,174051
E09000024,-8,2740,Merton,525579,169458
E09000024,0,187420,Merton,525579,169458
E09000024,1,683,Merton,525579,169458
E09000024,2,21384,Merton,525579,169458
E09000024,3,2960,Merton,525579,169458
E09000025,-8,4790,Newham,541466,182855
E09000025,0,300631,Newham,541466,182855
E09000025,1,1070,Newham,541466,182855
E09000025,2,36924,Newham,541466,182855
E09000025,3,7621,Newham,541466,182855
E09000026,-8,4062,Redbridge,543919,189405
E09000026,0,276586,Redbridge,543919,189405
E09000026,1,648,Redbridge,543919,189405
E09000026,2,25016,Redbridge,543919,189405
E09000026,3,3948,Redbridge,543919,189405
E09000027,-8,2023,Richmond upon Thames,517367,172867
E09000027,0,169369,Richmond upon Thames,517367,172867
E09000027,1,921,Richmond upon Thames,517367,172867
E09000027,2,19686,Richmond upon Thames,517367,172867
E09000027,3,3279,Richmond upon Thames,517367,172867
E09000028,-8,3230,Southwark,533829,176738
E09000028,0,253020,Southwark,533829,176738
E09000028,1,2916,Southwark,533829,176738
E09000028,2,41633,Southwark,533829,176738
E09000028,3,6838,Southwark,533829,176738
E09000029,-8,2303,Sutton,526964,164120
E09000029,0,188785,Sutton,526964,164120
E09000029,1,413,Sutton,526964,164120
E09000029,2,16466,Sutton,526964,164120
E09000029,3,1672,Sutton,526964,164120
E09000030,-8,3970,Tower Hamlets,536495,181509
E09000030,0,242588,Tower Hamlets,536495,181509
E09000030,1,3125,Tower Hamlets,536495,181509
E09000030,2,50084,Tower Hamlets,536495,181509
E09000030,3,10536,Tower Hamlets,536495,181509
E09000031,-8,3917,Waltham Forest,537726,190195
E09000031,0,244815,Waltham Forest,537726,190195
E09000031,1,497,Waltham Forest,537726,190195
E09000031,2,26569,Waltham Forest,537726,190195
E09000031,3,2629,Waltham Forest,537726,190195
E09000032,-8,4024,Wandsworth,526055,174145
E09000032,0,259074,Wandsworth,526055,174145
E09000032,1,2317,Wandsworth,526055,174145
E09000032,2,55848,Wandsworth,526055,174145
E09000032,3,6243,Wandsworth,526055,174145
E09000033,-8,1861,Westminster,527739,181005
E09000033,0,159868,Westminster,527739,181005
E09000033,1,2168,Westminster,527739,181005
E09000033,2,30456,Westminster,527739,181005
E09000033,3,9883,Westminster,527739,181005
W06000001,-8,573,Isle of Anglesey,241795,379205
W06000001,0,62787,Isle of Anglesey,241795,379205
W06000001,1,166,Isle of Anglesey,241795,379205
W06000001,2,5210,Isle of Anglesey,241795,379205
W06000001,3,145,Isle of Anglesey,241795,379205
W06000002,-8,983,Gwynedd,263903,334963
W06000002,0,103294,Gwynedd,263903,334963
W06000002,1,1675,Gwynedd,263903,334963
W06000002,2,10723,Gwynedd,263903,334963
W06000002,3,717,Gwynedd,263903,334963
W06000003,-8,932,Conwy,283987,361802
W06000003,0,104581,Conwy,283987,361802
W06000003,1,243,Conwy,283987,361802
W06000003,2,8592,Conwy,283987,361802
W06000003,3,393,Conwy,283987,361802
W06000004,-8,862,Denbighshire,309404,355776
W06000004,0,86655,Denbighshire,309404,355776
W06000004,1,172,Denbighshire,309404,355776
W06000004,2,7817,Denbighshire,309404,355776
W06000004,3,311,Denbighshire,309404,355776
W06000005,-8,1423,Flintshire,322419,369649
W06000005,0,141881,Flintshire,322419,369649
W06000005,1,222,Flintshire,322419,369649
W06000005,2,10955,Flintshire,322419,369649
W06000005,3,481,Flintshire,322419,369649
W06000006,-8,1256,Wrexham,331795,344142
W06000006,0,123205,Wrexham,331795,344142
W06000006,1,278,Wrexham,331795,344142
W06000006,2,9851,Wrexham,331795,344142
W06000006,3,527,Wrexham,331795,344142
W06000008,-8,501,Ceredigion,258574,263991
W06000008,0,60417,Ceredigion,258574,263991
W06000008,1,1760,Ceredigion,258574,263991
W06000008,2,8278,Ceredigion,258574,263991
W06000008,3,516,Ceredigion,258574,263991
W06000009,-8,1001,Pembrokeshire,201312,221152
W06000009,0,111751,Pembrokeshire,201312,221152
W06000009,1,248,Pembrokeshire,201312,221152
W06000009,2,9851,Pembrokeshire,201312,221152
W06000009,3,508,Pembrokeshire,201312,221152
W06000010,-8,1678,Carmarthenshire,251227,224511
W06000010,0,171250,Carmarthenshire,251227,224511
W06000010,1,348,Carmarthenshire,251227,224511
W06000010,2,14021,Carmarthenshire,251227,224511
W06000010,3,600,Carmarthenshire,251227,224511
W06000011,-8,2012,Swansea,257445,195641
W06000011,0,208797,Swansea,257445,195641
W06000011,1,3622,Swansea,257445,195641
W06000011,2,22292,Swansea,257445,195641
W06000011,3,1768,Swansea,257445,195641
W06000012,-8,1266,Neath Port Talbot,279564,199348
W06000012,0,130003,Neath Port Talbot,279564,199348
W06000012,1,361,Neath Port Talbot,279564,199348
W06000012,2,10189,Neath Port Talbot,279564,199348
W06000012,3,470,Neath Port Talbot,279564,199348
W06000013,-8,1346,Bridgend,289150,185340
W06000013,0,132884,Bridgend,289150,185340
W06000013,1,205,Bridgend,289150,185340
W06000013,2,10582,Bridgend,289150,185340
W06000013,3,471,Bridgend,289150,185340
W06000014,-8,1229,Vale of Glamorgan,302809,172697
W06000014,0,118965,Vale of Glamorgan,302809,172697
W06000014,1,299,Vale of Glamorgan,302809,172697
W06000014,2,10796,Vale of Glamorgan,302809,172697
W06000014,3,651,Vale of Glamorgan,302809,172697
W06000015,-8,3551,Cardiff,316778,179542
W06000015,0,298765,Cardiff,316778,179542
W06000015,1,8319,Cardiff,316778,179542
W06000015,2,46492,Cardiff,316778,179542
W06000015,3,5181,Cardiff,316778,179542
W06000016,-8,2304,Rhondda Cynon Taf,300745,195665
W06000016,0,217430,Rhondda Cynon Taf,300745,195665
W06000016,1,782,Rhondda Cynon Taf,300745,195665
W06000016,2,16211,Rhondda Cynon Taf,300745,195665
W06000016,3,924,Rhondda Cynon Taf,300745,195665
W06000018,-8,1607,Caerphilly,316753,195610
W06000018,0,163176,Caerphilly,316753,195610
W06000018,1,205,Caerphilly,316753,195610
W06000018,2,10729,Caerphilly,316753,195610
W06000018,3,235,Caerphilly,316753,195610
W06000019,-8,662,Blaenau Gwent,317699,208201
W06000019,0,61611,Blaenau Gwent,317699,208201
W06000019,1,76,Blaenau Gwent,317699,208201
W06000019,2,4449,Blaenau Gwent,317699,208201
W06000019,3,105,Blaenau Gwent,317699,208201
W06000020,-8,915,Torfaen,327301,200555
W06000020,0,84981,Torfaen,327301,200555
W06000020,1,107,Torfaen,327301,200555
W06000020,2,6115,Torfaen,327301,200555
W06000020,3,158,Torfaen,327301,200555
W06000021,-8,735,Monmouthshire,340238,206911
W06000021,0,84351,Monmouthshire,340238,206911
W06000021,1,226,Monmouthshire,340238,206911
W06000021,2,7248,Monmouthshire,340238,206911
W06000021,3,397,Monmouthshire,340238,206911
W06000022,-8,1839,Newport,333448,186541
W06000022,0,144997,Newport,333448,186541
W06000022,1,345,Newport,333448,186541
W06000022,2,11350,Newport,333448,186541
W06000022,3,1061,Newport,333448,186541
W06000023,-8,1052,Powys,303993,270454
W06000023,0,120584,Powys,303993,270454
W06000023,1,285,Powys,303993,270454
W06000023,2,10779,Powys,303993,270454
W06000023,3,472,Powys,303993,270454
W06000024,-8,607,Merthyr Tydfil,306153,205467
W06000024,0,54365,Merthyr Tydfil,306153,205467
W06000024,1,51,Merthyr Tydfil,306153,205467
W06000024,2,3573,Merthyr Tydfil,306153,205467
W06000024,3,243,Merthyr Tydfil,306153,205467
E06000007,-8,1946,Warrington,362665,389223
E06000007,0,190568,Warrington,362665,389223
E06000007,1,428,Warrington,362665,389223
E06000007,2,16686,Warrington,362665,389223
E06000007,3,1346,Warrington,362665,389223
E06000008,-8,1925,Blackburn with Darwen,369254,421850
E06000008,0,140262,Blackburn with Darwen,369254,421850
E06000008,1,212,Blackburn with Darwen,369254,421850
E06000008,2,11091,Blackburn with Darwen,369254,421850
E06000008,3,1249,Blackburn with Darwen,369254,421850
E06000009,-8,1407,Blackpool,331921,436188
E06000009,0,126403,Blackpool,331921,436188
E06000009,1,180,Blackpool,331921,436188
E06000009,2,12146,Blackpool,331921,436188
E06000009,3,901,Blackpool,331921,436188
E06000010,-8,3088,Kingston upon Hull,509765,430588
E06000010,0,234760,Kingston upon Hull,509765,430588
E06000010,1,2152,Kingston upon Hull,509765,430588
E06000010,2,25002,Kingston upon Hull,509765,430588
E06000010,3,2012,Kingston upon Hull,509765,430588
E06000013,-8,1561,North Lincolnshire,493268,411782
E06000013,0,153715,North Lincolnshire,493268,411782
E06000013,1,224,North Lincolnshire,493268,411782
E06000013,2,13291,North Lincolnshire,493268,411782
E06000013,3,888,North Lincolnshire,493268,411782
E06000016,-8,4203,Leicester,459135,304861
E06000016,0,316173,Leicester,459135,304861
E06000016,1,5526,Leicester,459135,304861
E06000016,2,35640,Leicester,459135,304861
E06000016,3,7030,Leicester,459135,304861
E06000022,-8,1769,Bath and North East Somerset,367057,162001
E06000022,0,157779,Bath and North East Somerset,367057,162001
E06000022,1,4918,Bath and North East Somerset,367057,162001
E06000022,2,26137,Bath and North East Somerset,367057,162001
E06000022,3,2806,Bath and North East Somerset,367057,162001
E06000025,-8,3064,South Gloucestershire,367431,183263
E06000025,0,256214,South Gloucestershire,367431,183263
E06000025,1,1642,South Gloucestershire,367431,183263
E06000025,2,27407,South Gloucestershire,367431,183263
E06000025,3,2096,South Gloucestershire,367431,183263
E06000030,-8,2504,Swindon,417817,185857
E06000030,0,207187,Swindon,417817,185857
E06000030,1,411,Swindon,417817,185857
E06000030,2,21058,Swindon,417817,185857
E06000030,3,2249,Swindon,417817,185857
E06000033,-8,1960,Southend-on-Sea,589363,185610
E06000033,0,161568,Southend-on-Sea,589363,185610
E06000033,1,348,Southend-on-Sea,589363,185610
E06000033,2,15802,Southend-on-Sea,589363,185610
E06000033,3,1008,Southend-on-Sea,589363,185610
E06000034,-8,2287,Thurrock,564863,181237
E06000034,0,158909,Thurrock,564863,181237
E06000034,1,260,Thurrock,564863,181237
E06000034,2,13548,Thurrock,564863,181237
E06000034,3,996,Thurrock,564863,181237
E06000046,-8,991,Isle of Wight,449779,86461
E06000046,0,125058,Isle of Wight,449779,86461
E06000046,1,234,Isle of Wight,449779,86461
E06000046,2,13499,Isle of Wight,449779,86461
E06000046,3,677,Isle of Wight,449779,86461
E06000049,-8,3648,Cheshire East,376729,364874
E06000049,0,354252,Cheshire East,376729,364874
E06000049,1,874,Cheshire East,376729,364874
E06000049,2,37352,Cheshire East,376729,364874
E06000049,3,2646,Cheshire East,376729,364874
E06000052,-8,4726,Cornwall,199168,59975
E06000052,0,504540,Cornwall,199168,59975
E06000052,1,3048,Cornwall,199168,59975
E06000052,2,55339,Cornwall,199168,59975
E06000052,3,2652,Cornwall,199168,59975
E07000011,-8,1752,Huntingdonshire,521228,276573
E07000011,0,160514,Huntingdonshire,521228,276573
E07000011,1,376,Huntingdonshire,521228,276573
E07000011,2,16926,Huntingdonshire,521228,276573
E07000011,3,1264,Huntingdonshire,521228,276573
E07000039,-8,1095,South Derbyshire,429750,326002
E07000039,0,95900,South Derbyshire,429750,326002
E07000039,1,188,South Derbyshire,429750,326002
E07000039,2,9692,South Derbyshire,429750,326002
E07000039,3,333,South Derbyshire,429750,326002
E07000040,-8,1192,East Devon,313793,96775
E07000040,0,133747,East Devon,313793,96775
E07000040,1,362,East Devon,313793,96775
E07000040,2,14785,East Devon,313793,96775
E07000040,3,742,East Devon,313793,96775
E07000044,-8,581,South Hams,270440,54205
E07000044,0,78377,South Hams,270440,54205
E07000044,1,192,South Hams,270440,54205
E07000044,2,8945,South Hams,270440,54205
E07000044,3,532,South Hams,270440,54205
E07000064,-8,677,Rother,578409,119997
E07000064,0,83474,Rother,578409,119997
E07000064,1,181,Rother,578409,119997
E07000064,2,8340,Rother,578409,119997
E07000064,3,438,Rother,578409,119997
E07000065,-8,1298,Wealden,554434,120966
E07000065,0,143026,Wealden,554434,120966
E07000065,1,346,Wealden,554434,120966
E07000065,2,14792,Wealden,554434,120966
E07000065,3,689,Wealden,554434,120966
E07000066,-8,2250,Basildon,570901,190821
E07000066,0,170213,Basildon,570901,190821
E07000066,1,268,Basildon,570901,190821
E07000066,2,13962,Basildon,570901,190821
E07000066,3,878,Basildon,570901,190821
E07000073,-8,1190,Harlow,545614,209915
E07000073,0,83476,Harlow,545614,209915
E07000073,1,119,Harlow,545614,209915
E07000073,2,7878,Harlow,545614,209915
E07000073,3,664,Harlow,545614,209915
E07000078,-8,1027,Cheltenham,395079,221973
E07000078,0,101105,Cheltenham,395079,221973
E07000078,1,1225,Cheltenham,395079,221973
E07000078,2,14236,Cheltenham,395079,221973
E07000078,3,1243,Cheltenham,395079,221973
E07000081,-8,1404,Gloucester,383531,216834
E07000081,0,117446,Gloucester,383531,216834
E07000081,1,764,Gloucester,383531,216834
E07000081,2,12130,Gloucester,383531,216834
E07000081,3,672,Gloucester,383531,216834
E07000083,-8,971,Tewkesbury,394038,227458
E07000083,0,84936,Tewkesbury,394038,227458
E07000083,1,191,Tewkesbury,394038,227458
E07000083,2,8327,Tewkesbury,394038,227458
E07000083,3,458,Tewkesbury,394038,227458
E07000090,-8,1129,Havant,471226,104842
E07000090,0,112860,Havant,471226,104842
E07000090,1,158,Havant,471226,104842
E07000090,2,9666,Havant,471226,104842
E07000090,3,395,Havant,471226,104842
E07000103,-8,1270,Watford,510556,197803
E07000103,0,89925,Watford,510556,197803
E07000103,1,220,Watford,510556,197803
E07000103,2,9450,Watford,510556,197803
E07000103,3,1381,Watford,510556,197803
E07000112,-8,949,Folkestone and Hythe,610024,132599
E07000112,0,98606,Folkestone and Hythe,610024,132599
E07000112,1,197,Folkestone and Hythe,610024,132599
E07000112,2,9446,Folkestone and Hythe,610024,132599
E07000112,3,560,Folkestone and Hythe,610024,132599
E07000119,-8,581,Fylde,339324,432384
E07000119,0,72522,Fylde,339324,432384
E07000119,1,141,Fylde,339324,432384
E07000119,2,7404,Fylde,339324,432384
E07000119,3,728,Fylde,339324,432384
E07000120,-8,893,Hyndburn,374414,429238
E07000120,0,74961,Hyndburn,374414,429238
E07000120,1,108,Hyndburn,374414,429238
E07000120,2,5986,Hyndburn,374414,429238
E07000120,3,287,Hyndburn,374414,429238
E07000124,-8,464,Ribble Valley,370849,445761
E07000124,0,54987,Ribble Valley,370849,445761
E07000124,1,146,Ribble Valley,370849,445761
E07000124,2,5650,Ribble Valley,370849,445761
E07000124,3,314,Ribble Valley,370849,445761
E07000136,-8,643,Boston,532926,343714
E07000136,0,62453,Boston,532926,343714
E07000136,1,81,Boston,532926,343714
E07000136,2,6539,Boston,532926,343714
E07000136,3,786,Boston,532926,343714
E07000142,-8,783,West Lindsey,501339,389522
E07000142,0,85375,West Lindsey,501339,389522
E07000142,1,169,West Lindsey,501339,389522
E07000142,2,8491,West Lindsey,501339,389522
E07000142,3,339,West Lindsey,501339,389522
E07000147,-8,628,North Norfolk,613546,332832
E07000147,0,92794,North Norfolk,613546,332832
E07000147,1,158,North Norfolk,613546,332832
E07000147,2,9028,North Norfolk,613546,332832
E07000147,3,372,North Norfolk,613546,332832
E07000168,-8,887,Scarborough,488815,497619
E07000168,0,97629,Scarborough,488815,497619
E07000168,1,212,Scarborough,488815,497619
E07000168,2,9428,Scarborough,488815,497619
E07000168,3,580,Scarborough,488815,497619
E07000174,-8,1103,Mansfield,455327,364075
E07000174,0,99885,Mansfield,455327,364075
E07000174,1,134,Mansfield,455327,364075
E07000174,2,8744,Mansfield,455327,364075
E07000174,3,616,Mansfield,455327,364075
E07000198,-8,794,Staffordshire Moorlands,401331,353540
E07000198,0,88008,Staffordshire Moorlands,401331,353540
E07000198,1,135,Staffordshire Moorlands,401331,353540
E07000198,2,6717,Staffordshire Moorlands,401331,353540
E07000198,3,192,Staffordshire Moorlands,401331,353540
E07000202,-8,1529,Ipswich,616698,244356
E07000202,0,124491,Ipswich,616698,244356
E07000202,1,275,Ipswich,616698,244356
E07000202,2,12269,Ipswich,616698,244356
E07000202,3,1078,Ipswich,616698,244356
E07000214,-8,832,Surrey Heath,492648,161313
E07000214,0,80540,Surrey Heath,492648,161313
E07000214,1,253,Surrey Heath,492648,161313
E07000214,2,8052,Surrey Heath,492648,161313
E07000214,3,776,Surrey Heath,492648,161313
E08000001,-8,3543,Bolton,369187,409211
E08000001,0,269720,Bolton,369187,409211
E08000001,1,498,Bolton,369187,409211
E08000001,2,19935,Bolton,369187,409211
E08000001,3,2267,Bolton,369187,409211
E08000019,-8,5718,Sheffield,430011,389797
E08000019,0,477724,Sheffield,430011,389797
E08000019,1,9793,Sheffield,430011,389797
E08000019,2,56577,Sheffield,430011,389797
E08000019,3,6709,Sheffield,430011,389797
E09000012,-8,3391,Hackney,534348,185478
E09000012,0,216060,Hackney,534348,185478
E09000012,1,1153,Hackney,534348,185478
E09000012,2,34476,Hackney,534348,185478
E09000012,3,4063,Hackney,534348,185478
E07000075,-8,793,Rochford,594750,191782
E07000075,0,78219,Rochford,594750,191782
E07000075,1,124,Rochford,594750,191782
E07000075,2,6346,Rochford,594750,191782
E07000075,3,178,Rochford,594750,191782
E07000077,-8,833,Uttlesford,556816,228707
E07000077,0,81835,Uttlesford,556816,228707
E07000077,1,233,Uttlesford,556816,228707
E07000077,2,7972,Uttlesford,556816,228707
E07000077,3,468,Uttlesford,556816,228707
E07000105,-8,1408,Ashford,596857,139969
E07000105,0,117597,Ashford,596857,139969
E07000105,1,265,Ashford,596857,139969
E07000105,2,12515,Ashford,596857,139969
E07000105,3,962,Ashford,596857,139969
E06000053,-8,18,Isles of Scilly,91546,11139
E06000053,0,1844,Isles of Scilly,91546,11139
E06000053,1,3,Isles of Scilly,91546,11139
E06000053,2,175,Isles of Scilly,91546,11139
E06000053,3,13,Isles of Scilly,91546,11139
E09000001,-8,44,City of London,532539,181164
E09000001,0,6237,City of London,532539,181164
E09000001,1,190,City of London,532539,181164
E09000001,2,1564,City of London,532539,181164
E09000001,3,548,City of London,532539,181164